Domain Code,Domain,Area Code (FAO),Area,Element Code,Element,Item Code,Item,Year Code,Year,Unit,Value,Flag,Flag Description,Note
"OA","Annual population","2","Afghanistan","511","Total Population - Both sexes","3010","Population - Est. & Proj.","2018","2018","1000 persons","37171.921","X","International reliable sources",""
"OA","Annual population","3","Albania","511","Total Population - Both sexes","3010","Population - Est. & Proj.","2018","2018","1000 persons","2882.74","X","International reliable sources",""
"OA","Annual population","4","Algeria","511","Total Population - Both sexes","3010","Population - Est. & Proj.","2018","2018","1000 persons","42228.408","X","International reliable sources",""
"OA","Annual population","5","American Samoa","511","Total Population - Both sexes","3010","Population - Est. & Proj.","2018","2018","1000 persons","55.465","X","International reliable sources",""
"OA","Annual population","6","Andorra","511","Total Population - Both sexes","3010","Population - Est. & Proj.","2018","2018","1000 persons","77.006","X","International reliable sources",""
"OA","Annual population","7","Angola","511","Total Population - Both sexes","3010","Population - Est. & Proj.","2018","2018","1000 persons","30809.787","X","International reliable sources",""
"OA","Annual population","258","Anguilla","511","Total Population - Both sexes","3010","Population - Est. & Proj.","2018","2018","1000 persons","14.731","X","International reliable sources",""
"OA","Annual population","8","Antigua and Barbuda","511","Total Population - Both sexes","3010","Population - Est. & Proj.","2018","2018","1000 persons","96.286","X","International reliable sources",""
"OA","Annual population","9","Argentina","511","Total Population - Both sexes","3010","Population - Est. & Proj.","2018","2018","1000 persons","44361.15","X","International reliable sources",""
"OA","Annual population","1","Armenia","511","Total Population - Both sexes","3010","Population - Est. & Proj.","2018","2018","1000 persons","2951.745","X","International reliable sources",""
"OA","Annual population","22","Aruba","511","Total Population - Both sexes","3010","Population - Est. & Proj.","2018","2018","1000 persons","105.845","X","International reliable sources",""
"OA","Annual population","10","Australia","511","Total Population - Both sexes","3010","Population - Est. & Proj.","2018","2018","1000 persons","24898.152","X","International reliable sources",""
"OA","Annual population","11","Austria","511","Total Population - Both sexes","3010","Population - Est. & Proj.","2018","2018","1000 persons","8891.388","X","International reliable sources",""
"OA","Annual population","52","Azerbaijan","511","Total Population - Both sexes","3010","Population - Est. & Proj.","2018","2018","1000 persons","9949.537","X","International reliable sources",""
"OA","Annual population","12","Bahamas","511","Total Population - Both sexes","3010","Population - Est. & Proj.","2018","2018","1000 persons","385.637","X","International reliable sources",""
"OA","Annual population","13","Bahrain","511","Total Population - Both sexes","3010","Population - Est. & Proj.","2018","2018","1000 persons","1569.446","X","International reliable sources",""
"OA","Annual population","16","Bangladesh","511","Total Population - Both sexes","3010","Population - Est. & Proj.","2018","2018","1000 persons","161376.708","X","International reliable sources",""
"OA","Annual population","14","Barbados","511","Total Population - Both sexes","3010","Population - Est. & Proj.","2018","2018","1000 persons","286.641","X","International reliable sources",""
"OA","Annual population","57","Belarus","511","Total Population - Both sexes","3010","Population - Est. & Proj.","2018","2018","1000 persons","9452.617","X","International reliable sources",""
"OA","Annual population","255","Belgium","511","Total Population - Both sexes","3010","Population - Est. & Proj.","2018","2018","1000 persons","11482.178","X","International reliable sources",""
"OA","Annual population","23","Belize","511","Total Population - Both sexes","3010","Population - Est. & Proj.","2018","2018","1000 persons","383.071","X","International reliable sources",""
"OA","Annual population","53","Benin","511","Total Population - Both sexes","3010","Population - Est. & Proj.","2018","2018","1000 persons","11485.044","X","International reliable sources",""
"OA","Annual population","17","Bermuda","511","Total Population - Both sexes","3010","Population - Est. & Proj.","2018","2018","1000 persons","62.756","X","International reliable sources",""
"OA","Annual population","18","Bhutan","511","Total Population - Both sexes","3010","Population - Est. & Proj.","2018","2018","1000 persons","754.388","X","International reliable sources",""
"OA","Annual population","19","Bolivia (Plurinational State of)","511","Total Population - Both sexes","3010","Population - Est. & Proj.","2018","2018","1000 persons","11353.142","X","International reliable sources",""
"OA","Annual population","278","Bonaire, Sint Eustatius and Saba","511","Total Population - Both sexes","3010","Population - Est. & Proj.","2018","2018","1000 persons","25.711","X","International reliable sources",""
"OA","Annual population","80","Bosnia and Herzegovina","511","Total Population - Both sexes","3010","Population - Est. & Proj.","2018","2018","1000 persons","3323.925","X","International reliable sources",""
"OA","Annual population","20","Botswana","511","Total Population - Both sexes","3010","Population - Est. & Proj.","2018","2018","1000 persons","2254.068","X","International reliable sources",""
"OA","Annual population","21","Brazil","511","Total Population - Both sexes","3010","Population - Est. & Proj.","2018","2018","1000 persons","209469.323","X","International reliable sources",""
"OA","Annual population","239","British Virgin Islands","511","Total Population - Both sexes","3010","Population - Est. & Proj.","2018","2018","1000 persons","29.802","X","International reliable sources",""
"OA","Annual population","26","Brunei Darussalam","511","Total Population - Both sexes","3010","Population - Est. & Proj.","2018","2018","1000 persons","428.963","X","International reliable sources",""
"OA","Annual population","27","Bulgaria","511","Total Population - Both sexes","3010","Population - Est. & Proj.","2018","2018","1000 persons","7051.608","X","International reliable sources",""
"OA","Annual population","233","Burkina Faso","511","Total Population - Both sexes","3010","Population - Est. & Proj.","2018","2018","1000 persons","19751.466","X","International reliable sources",""
"OA","Annual population","29","Burundi","511","Total Population - Both sexes","3010","Population - Est. & Proj.","2018","2018","1000 persons","11175.374","X","International reliable sources",""
"OA","Annual population","35","Cabo Verde","511","Total Population - Both sexes","3010","Population - Est. & Proj.","2018","2018","1000 persons","543.767","X","International reliable sources",""
"OA","Annual population","115","Cambodia","511","Total Population - Both sexes","3010","Population - Est. & Proj.","2018","2018","1000 persons","16249.792","X","International reliable sources",""
"OA","Annual population","32","Cameroon","511","Total Population - Both sexes","3010","Population - Est. & Proj.","2018","2018","1000 persons","25216.267","X","International reliable sources",""
"OA","Annual population","33","Canada","511","Total Population - Both sexes","3010","Population - Est. & Proj.","2018","2018","1000 persons","37074.562","X","International reliable sources",""
"OA","Annual population","36","Cayman Islands","511","Total Population - Both sexes","3010","Population - Est. & Proj.","2018","2018","1000 persons","64.174","X","International reliable sources",""
"OA","Annual population","37","Central African Republic","511","Total Population - Both sexes","3010","Population - Est. & Proj.","2018","2018","1000 persons","4666.368","X","International reliable sources",""
"OA","Annual population","39","Chad","511","Total Population - Both sexes","3010","Population - Est. & Proj.","2018","2018","1000 persons","15477.729","X","International reliable sources",""
"OA","Annual population","259","Channel Islands","511","Total Population - Both sexes","3010","Population - Est. & Proj.","2018","2018","1000 persons","170.499","X","International reliable sources",""
"OA","Annual population","40","Chile","511","Total Population - Both sexes","3010","Population - Est. & Proj.","2018","2018","1000 persons","18729.16","X","International reliable sources",""
"OA","Annual population","351","China","511","Total Population - Both sexes","3010","Population - Est. & Proj.","2018","2018","1000 persons","1459377.612","A","Aggregate, may include official, semi-official, estimated or calculated data",""
"OA","Annual population","96","China, Hong Kong SAR","511","Total Population - Both sexes","3010","Population - Est. & Proj.","2018","2018","1000 persons","7371.73","X","International reliable sources",""
"OA","Annual population","128","China, Macao SAR","511","Total Population - Both sexes","3010","Population - Est. & Proj.","2018","2018","1000 persons","631.636","X","International reliable sources",""
"OA","Annual population","41","China, mainland","511","Total Population - Both sexes","3010","Population - Est. & Proj.","2018","2018","1000 persons","1427647.786","X","International reliable sources",""
"OA","Annual population","214","China, Taiwan Province of","511","Total Population - Both sexes","3010","Population - Est. & Proj.","2018","2018","1000 persons","23726.46","X","International reliable sources",""
"OA","Annual population","44","Colombia","511","Total Population - Both sexes","3010","Population - Est. & Proj.","2018","2018","1000 persons","49661.048","X","International reliable sources",""
"OA","Annual population","45","Comoros","511","Total Population - Both sexes","3010","Population - Est. & Proj.","2018","2018","1000 persons","832.322","X","International reliable sources",""
"OA","Annual population","46","Congo","511","Total Population - Both sexes","3010","Population - Est. & Proj.","2018","2018","1000 persons","5244.359","X","International reliable sources",""
"OA","Annual population","47","Cook Islands","511","Total Population - Both sexes","3010","Population - Est. & Proj.","2018","2018","1000 persons","17.518","X","International reliable sources",""
"OA","Annual population","48","Costa Rica","511","Total Population - Both sexes","3010","Population - Est. & Proj.","2018","2018","1000 persons","4999.441","X","International reliable sources",""
"OA","Annual population","107","C?te d'Ivoire","511","Total Population - Both sexes","3010","Population - Est. & Proj.","2018","2018","1000 persons","25069.23","X","International reliable sources",""
"OA","Annual population","98","Croatia","511","Total Population - Both sexes","3010","Population - Est. & Proj.","2018","2018","1000 persons","4156.405","X","International reliable sources",""
"OA","Annual population","49","Cuba","511","Total Population - Both sexes","3010","Population - Est. & Proj.","2018","2018","1000 persons","11338.134","X","International reliable sources",""
"OA","Annual population","279","Cura?ao","511","Total Population - Both sexes","3010","Population - Est. & Proj.","2018","2018","1000 persons","162.752","X","International reliable sources",""
"OA","Annual population","50","Cyprus","511","Total Population - Both sexes","3010","Population - Est. & Proj.","2018","2018","1000 persons","1189.265","X","International reliable sources",""
"OA","Annual population","167","Czechia","511","Total Population - Both sexes","3010","Population - Est. & Proj.","2018","2018","1000 persons","10665.677","X","International reliable sources",""
"OA","Annual population","116","Democratic People's Republic of Korea","511","Total Population - Both sexes","3010","Population - Est. & Proj.","2018","2018","1000 persons","25549.604","X","International reliable sources",""
"OA","Annual population","250","Democratic Republic of the Congo","511","Total Population - Both sexes","3010","Population - Est. & Proj.","2018","2018","1000 persons","84068.091","X","International reliable sources",""
"OA","Annual population","54","Denmark","511","Total Population - Both sexes","3010","Population - Est. & Proj.","2018","2018","1000 persons","5752.126","X","International reliable sources",""
"OA","Annual population","72","Djibouti","511","Total Population - Both sexes","3010","Population - Est. & Proj.","2018","2018","1000 persons","958.923","X","International reliable sources",""
"OA","Annual population","55","Dominica","511","Total Population - Both sexes","3010","Population - Est. & Proj.","2018","2018","1000 persons","71.625","X","International reliable sources",""
"OA","Annual population","56","Dominican Republic","511","Total Population - Both sexes","3010","Population - Est. & Proj.","2018","2018","1000 persons","10627.141","X","International reliable sources",""
"OA","Annual population","58","Ecuador","511","Total Population - Both sexes","3010","Population - Est. & Proj.","2018","2018","1000 persons","17084.358","X","International reliable sources",""
"OA","Annual population","59","Egypt","511","Total Population - Both sexes","3010","Population - Est. & Proj.","2018","2018","1000 persons","98423.598","X","International reliable sources",""
"OA","Annual population","60","El Salvador","511","Total Population - Both sexes","3010","Population - Est. & Proj.","2018","2018","1000 persons","6420.746","X","International reliable sources",""
"OA","Annual population","61","Equatorial Guinea","511","Total Population - Both sexes","3010","Population - Est. & Proj.","2018","2018","1000 persons","1308.975","X","International reliable sources",""
"OA","Annual population","178","Eritrea","511","Total Population - Both sexes","3010","Population - Est. & Proj.","2018","2018","1000 persons","3452.786","X","International reliable sources",""
"OA","Annual population","63","Estonia","511","Total Population - Both sexes","3010","Population - Est. & Proj.","2018","2018","1000 persons","1322.92","X","International reliable sources",""
"OA","Annual population","209","Eswatini","511","Total Population - Both sexes","3010","Population - Est. & Proj.","2018","2018","1000 persons","1136.281","X","International reliable sources",""
"OA","Annual population","238","Ethiopia","511","Total Population - Both sexes","3010","Population - Est. & Proj.","2018","2018","1000 persons","109224.414","X","International reliable sources",""
"OA","Annual population","65","Falkland Islands (Malvinas)","511","Total Population - Both sexes","3010","Population - Est. & Proj.","2018","2018","1000 persons","3.234","X","International reliable sources",""
"OA","Annual population","64","Faroe Islands","511","Total Population - Both sexes","3010","Population - Est. & Proj.","2018","2018","1000 persons","48.497","X","International reliable sources",""
"OA","Annual population","66","Fiji","511","Total Population - Both sexes","3010","Population - Est. & Proj.","2018","2018","1000 persons","883.483","X","International reliable sources",""
"OA","Annual population","67","Finland","511","Total Population - Both sexes","3010","Population - Est. & Proj.","2018","2018","1000 persons","5522.576","X","International reliable sources",""
"OA","Annual population","68","France","511","Total Population - Both sexes","3010","Population - Est. & Proj.","2018","2018","1000 persons","64990.511","X","International reliable sources",""
"OA","Annual population","69","French Guyana","511","Total Population - Both sexes","3010","Population - Est. & Proj.","2018","2018","1000 persons","282.938","X","International reliable sources",""
"OA","Annual population","70","French Polynesia","511","Total Population - Both sexes","3010","Population - Est. & Proj.","2018","2018","1000 persons","277.679","X","International reliable sources",""
"OA","Annual population","74","Gabon","511","Total Population - Both sexes","3010","Population - Est. & Proj.","2018","2018","1000 persons","2119.275","X","International reliable sources",""
"OA","Annual population","75","Gambia","511","Total Population - Both sexes","3010","Population - Est. & Proj.","2018","2018","1000 persons","2280.094","X","International reliable sources",""
"OA","Annual population","73","Georgia","511","Total Population - Both sexes","3010","Population - Est. & Proj.","2018","2018","1000 persons","4002.942","X","International reliable sources",""
"OA","Annual population","79","Germany","511","Total Population - Both sexes","3010","Population - Est. & Proj.","2018","2018","1000 persons","83124.418","X","International reliable sources",""
"OA","Annual population","81","Ghana","511","Total Population - Both sexes","3010","Population - Est. & Proj.","2018","2018","1000 persons","29767.102","X","International reliable sources",""
"OA","Annual population","82","Gibraltar","511","Total Population - Both sexes","3010","Population - Est. & Proj.","2018","2018","1000 persons","33.718","X","International reliable sources",""
"OA","Annual population","84","Greece","511","Total Population - Both sexes","3010","Population - Est. & Proj.","2018","2018","1000 persons","10522.246","X","International reliable sources",""
"OA","Annual population","85","Greenland","511","Total Population - Both sexes","3010","Population - Est. & Proj.","2018","2018","1000 persons","56.564","X","International reliable sources",""
"OA","Annual population","86","Grenada","511","Total Population - Both sexes","3010","Population - Est. & Proj.","2018","2018","1000 persons","111.454","X","International reliable sources",""
"OA","Annual population","87","Guadeloupe","511","Total Population - Both sexes","3010","Population - Est. & Proj.","2018","2018","1000 persons","399.848","X","International reliable sources",""
"OA","Annual population","88","Guam","511","Total Population - Both sexes","3010","Population - Est. & Proj.","2018","2018","1000 persons","165.768","X","International reliable sources",""
"OA","Annual population","89","Guatemala","511","Total Population - Both sexes","3010","Population - Est. & Proj.","2018","2018","1000 persons","17247.849","X","International reliable sources",""
"OA","Annual population","90","Guinea","511","Total Population - Both sexes","3010","Population - Est. & Proj.","2018","2018","1000 persons","12414.293","X","International reliable sources",""
"OA","Annual population","175","Guinea-Bissau","511","Total Population - Both sexes","3010","Population - Est. & Proj.","2018","2018","1000 persons","1874.303","X","International reliable sources",""
"OA","Annual population","91","Guyana","511","Total Population - Both sexes","3010","Population - Est. & Proj.","2018","2018","1000 persons","779.006","X","International reliable sources",""
"OA","Annual population","93","Haiti","511","Total Population - Both sexes","3010","Population - Est. & Proj.","2018","2018","1000 persons","11123.178","X","International reliable sources",""
"OA","Annual population","94","Holy See","511","Total Population - Both sexes","3010","Population - Est. & Proj.","2018","2018","1000 persons","0.801","X","International reliable sources","UNDESA, Population Division ? World Population Prospects, the 2017 Revision"
"OA","Annual population","95","Honduras","511","Total Population - Both sexes","3010","Population - Est. & Proj.","2018","2018","1000 persons","9587.522","X","International reliable sources",""
"OA","Annual population","97","Hungary","511","Total Population - Both sexes","3010","Population - Est. & Proj.","2018","2018","1000 persons","9707.499","X","International reliable sources",""
"OA","Annual population","99","Iceland","511","Total Population - Both sexes","3010","Population - Est. & Proj.","2018","2018","1000 persons","336.713","X","International reliable sources",""
"OA","Annual population","100","India","511","Total Population - Both sexes","3010","Population - Est. & Proj.","2018","2018","1000 persons","1352642.28","X","International reliable sources",""
"OA","Annual population","101","Indonesia","511","Total Population - Both sexes","3010","Population - Est. & Proj.","2018","2018","1000 persons","267670.543","X","International reliable sources",""
"OA","Annual population","102","Iran (Islamic Republic of)","511","Total Population - Both sexes","3010","Population - Est. & Proj.","2018","2018","1000 persons","81800.188","X","International reliable sources",""
"OA","Annual population","103","Iraq","511","Total Population - Both sexes","3010","Population - Est. & Proj.","2018","2018","1000 persons","38433.6","X","International reliable sources",""
"OA","Annual population","104","Ireland","511","Total Population - Both sexes","3010","Population - Est. & Proj.","2018","2018","1000 persons","4818.69","X","International reliable sources",""
"OA","Annual population","264","Isle of Man","511","Total Population - Both sexes","3010","Population - Est. & Proj.","2018","2018","1000 persons","84.077","X","International reliable sources",""
"OA","Annual population","105","Israel","511","Total Population - Both sexes","3010","Population - Est. & Proj.","2018","2018","1000 persons","8381.516","X","International reliable sources",""
"OA","Annual population","106","Italy","511","Total Population - Both sexes","3010","Population - Est. & Proj.","2018","2018","1000 persons","60627.291","X","International reliable sources",""
"OA","Annual population","109","Jamaica","511","Total Population - Both sexes","3010","Population - Est. & Proj.","2018","2018","1000 persons","2934.847","X","International reliable sources",""
"OA","Annual population","110","Japan","511","Total Population - Both sexes","3010","Population - Est. & Proj.","2018","2018","1000 persons","127202.192","X","International reliable sources",""
"OA","Annual population","112","Jordan","511","Total Population - Both sexes","3010","Population - Est. & Proj.","2018","2018","1000 persons","9965.318","X","International reliable sources",""
"OA","Annual population","108","Kazakhstan","511","Total Population - Both sexes","3010","Population - Est. & Proj.","2018","2018","1000 persons","18319.618","X","International reliable sources",""
"OA","Annual population","114","Kenya","511","Total Population - Both sexes","3010","Population - Est. & Proj.","2018","2018","1000 persons","51392.565","X","International reliable sources",""
"OA","Annual population","83","Kiribati","511","Total Population - Both sexes","3010","Population - Est. & Proj.","2018","2018","1000 persons","115.847","X","International reliable sources",""
"OA","Annual population","118","Kuwait","511","Total Population - Both sexes","3010","Population - Est. & Proj.","2018","2018","1000 persons","4137.312","X","International reliable sources",""
"OA","Annual population","113","Kyrgyzstan","511","Total Population - Both sexes","3010","Population - Est. & Proj.","2018","2018","1000 persons","6304.03","X","International reliable sources",""
"OA","Annual population","120","Lao People's Democratic Republic","511","Total Population - Both sexes","3010","Population - Est. & Proj.","2018","2018","1000 persons","7061.507","X","International reliable sources",""
"OA","Annual population","119","Latvia","511","Total Population - Both sexes","3010","Population - Est. & Proj.","2018","2018","1000 persons","1928.459","X","International reliable sources",""
"OA","Annual population","121","Lebanon","511","Total Population - Both sexes","3010","Population - Est. & Proj.","2018","2018","1000 persons","6859.408","X","International reliable sources",""
"OA","Annual population","122","Lesotho","511","Total Population - Both sexes","3010","Population - Est. & Proj.","2018","2018","1000 persons","2108.328","X","International reliable sources",""
"OA","Annual population","123","Liberia","511","Total Population - Both sexes","3010","Population - Est. & Proj.","2018","2018","1000 persons","4818.973","X","International reliable sources",""
"OA","Annual population","124","Libya","511","Total Population - Both sexes","3010","Population - Est. & Proj.","2018","2018","1000 persons","6678.559","X","International reliable sources",""
"OA","Annual population","125","Liechtenstein","511","Total Population - Both sexes","3010","Population - Est. & Proj.","2018","2018","1000 persons","37.91","X","International reliable sources",""
"OA","Annual population","126","Lithuania","511","Total Population - Both sexes","3010","Population - Est. & Proj.","2018","2018","1000 persons","2801.264","X","International reliable sources",""
"OA","Annual population","256","Luxembourg","511","Total Population - Both sexes","3010","Population - Est. & Proj.","2018","2018","1000 persons","604.245","X","International reliable sources",""
"OA","Annual population","129","Madagascar","511","Total Population - Both sexes","3010","Population - Est. & Proj.","2018","2018","1000 persons","26262.313","X","International reliable sources",""
"OA","Annual population","130","Malawi","511","Total Population - Both sexes","3010","Population - Est. & Proj.","2018","2018","1000 persons","18143.217","X","International reliable sources",""
"OA","Annual population","131","Malaysia","511","Total Population - Both sexes","3010","Population - Est. & Proj.","2018","2018","1000 persons","31528.033","X","International reliable sources",""
"OA","Annual population","132","Maldives","511","Total Population - Both sexes","3010","Population - Est. & Proj.","2018","2018","1000 persons","515.696","X","International reliable sources",""
"OA","Annual population","133","Mali","511","Total Population - Both sexes","3010","Population - Est. & Proj.","2018","2018","1000 persons","19077.749","X","International reliable sources",""
"OA","Annual population","134","Malta","511","Total Population - Both sexes","3010","Population - Est. & Proj.","2018","2018","1000 persons","439.248","X","International reliable sources",""
"OA","Annual population","127","Marshall Islands","511","Total Population - Both sexes","3010","Population - Est. & Proj.","2018","2018","1000 persons","58.413","X","International reliable sources",""
"OA","Annual population","135","Martinique","511","Total Population - Both sexes","3010","Population - Est. & Proj.","2018","2018","1000 persons","375.673","X","International reliable sources",""
"OA","Annual population","136","Mauritania","511","Total Population - Both sexes","3010","Population - Est. & Proj.","2018","2018","1000 persons","4403.313","X","International reliable sources",""
"OA","Annual population","137","Mauritius","511","Total Population - Both sexes","3010","Population - Est. & Proj.","2018","2018","1000 persons","1267.185","X","International reliable sources",""
"OA","Annual population","270","Mayotte","511","Total Population - Both sexes","3010","Population - Est. & Proj.","2018","2018","1000 persons","259.531","X","International reliable sources",""
"OA","Annual population","138","Mexico","511","Total Population - Both sexes","3010","Population - Est. & Proj.","2018","2018","1000 persons","126190.788","X","International reliable sources",""
"OA","Annual population","145","Micronesia (Federated States of)","511","Total Population - Both sexes","3010","Population - Est. & Proj.","2018","2018","1000 persons","112.64","X","International reliable sources",""
"OA","Annual population","140","Monaco","511","Total Population - Both sexes","3010","Population - Est. & Proj.","2018","2018","1000 persons","38.682","X","International reliable sources",""
"OA","Annual population","141","Mongolia","511","Total Population - Both sexes","3010","Population - Est. & Proj.","2018","2018","1000 persons","3170.216","X","International reliable sources",""
"OA","Annual population","273","Montenegro","511","Total Population - Both sexes","3010","Population - Est. & Proj.","2018","2018","1000 persons","627.809","X","International reliable sources",""
"OA","Annual population","142","Montserrat","511","Total Population - Both sexes","3010","Population - Est. & Proj.","2018","2018","1000 persons","4.993","X","International reliable sources",""
"OA","Annual population","143","Morocco","511","Total Population - Both sexes","3010","Population - Est. & Proj.","2018","2018","1000 persons","36029.093","X","International reliable sources",""
"OA","Annual population","144","Mozambique","511","Total Population - Both sexes","3010","Population - Est. & Proj.","2018","2018","1000 persons","29496.004","X","International reliable sources",""
"OA","Annual population","28","Myanmar","511","Total Population - Both sexes","3010","Population - Est. & Proj.","2018","2018","1000 persons","53708.32","X","International reliable sources",""
"OA","Annual population","147","Namibia","511","Total Population - Both sexes","3010","Population - Est. & Proj.","2018","2018","1000 persons","2448.301","X","International reliable sources",""
"OA","Annual population","148","Nauru","511","Total Population - Both sexes","3010","Population - Est. & Proj.","2018","2018","1000 persons","10.67","X","International reliable sources",""
"OA","Annual population","149","Nepal","511","Total Population - Both sexes","3010","Population - Est. & Proj.","2018","2018","1000 persons","28095.714","X","International reliable sources",""
"OA","Annual population","150","Netherlands","511","Total Population - Both sexes","3010","Population - Est. & Proj.","2018","2018","1000 persons","17059.56","X","International reliable sources",""
"OA","Annual population","151","Netherlands Antilles (former)","511","Total Population - Both sexes","3010","Population - Est. & Proj.","2018","2018","1000 persons","277.483","A","Aggregate, may include official, semi-official, estimated or calculated data",""
"OA","Annual population","153","New Caledonia","511","Total Population - Both sexes","3010","Population - Est. & Proj.","2018","2018","1000 persons","279.993","X","International reliable sources",""
"OA","Annual population","156","New Zealand","511","Total Population - Both sexes","3010","Population - Est. & Proj.","2018","2018","1000 persons","4743.131","X","International reliable sources",""
"OA","Annual population","157","Nicaragua","511","Total Population - Both sexes","3010","Population - Est. & Proj.","2018","2018","1000 persons","6465.501","X","International reliable sources",""
"OA","Annual population","158","Niger","511","Total Population - Both sexes","3010","Population - Est. & Proj.","2018","2018","1000 persons","22442.822","X","International reliable sources",""
"OA","Annual population","159","Nigeria","511","Total Population - Both sexes","3010","Population - Est. & Proj.","2018","2018","1000 persons","195874.683","X","International reliable sources",""
"OA","Annual population","160","Niue","511","Total Population - Both sexes","3010","Population - Est. & Proj.","2018","2018","1000 persons","1.62","X","International reliable sources",""
"OA","Annual population","154","North Macedonia","511","Total Population - Both sexes","3010","Population - Est. & Proj.","2018","2018","1000 persons","2082.957","X","International reliable sources",""
"OA","Annual population","163","Northern Mariana Islands","511","Total Population - Both sexes","3010","Population - Est. & Proj.","2018","2018","1000 persons","56.882","X","International reliable sources",""
"OA","Annual population","162","Norway","511","Total Population - Both sexes","3010","Population - Est. & Proj.","2018","2018","1000 persons","5337.962","X","International reliable sources",""
"OA","Annual population","221","Oman","511","Total Population - Both sexes","3010","Population - Est. & Proj.","2018","2018","1000 persons","4829.473","X","International reliable sources",""
"OA","Annual population","165","Pakistan","511","Total Population - Both sexes","3010","Population - Est. & Proj.","2018","2018","1000 persons","212228.286","X","International reliable sources",""
"OA","Annual population","180","Palau","511","Total Population - Both sexes","3010","Population - Est. & Proj.","2018","2018","1000 persons","17.907","X","International reliable sources",""
"OA","Annual population","299","Palestine","511","Total Population - Both sexes","3010","Population - Est. & Proj.","2018","2018","1000 persons","4862.979","X","International reliable sources",""
"OA","Annual population","166","Panama","511","Total Population - Both sexes","3010","Population - Est. & Proj.","2018","2018","1000 persons","4176.869","X","International reliable sources",""
"OA","Annual population","168","Papua New Guinea","511","Total Population - Both sexes","3010","Population - Est. & Proj.","2018","2018","1000 persons","8606.323","X","International reliable sources",""
"OA","Annual population","169","Paraguay","511","Total Population - Both sexes","3010","Population - Est. & Proj.","2018","2018","1000 persons","6956.066","X","International reliable sources",""
"OA","Annual population","170","Peru","511","Total Population - Both sexes","3010","Population - Est. & Proj.","2018","2018","1000 persons","31989.26","X","International reliable sources",""
"OA","Annual population","171","Philippines","511","Total Population - Both sexes","3010","Population - Est. & Proj.","2018","2018","1000 persons","106651.394","X","International reliable sources",""
"OA","Annual population","173","Poland","511","Total Population - Both sexes","3010","Population - Est. & Proj.","2018","2018","1000 persons","37921.592","X","International reliable sources",""
"OA","Annual population","174","Portugal","511","Total Population - Both sexes","3010","Population - Est. & Proj.","2018","2018","1000 persons","10256.193","X","International reliable sources",""
"OA","Annual population","177","Puerto Rico","511","Total Population - Both sexes","3010","Population - Est. & Proj.","2018","2018","1000 persons","3039.596","X","International reliable sources",""
"OA","Annual population","179","Qatar","511","Total Population - Both sexes","3010","Population - Est. & Proj.","2018","2018","1000 persons","2781.682","X","International reliable sources",""
"OA","Annual population","117","Republic of Korea","511","Total Population - Both sexes","3010","Population - Est. & Proj.","2018","2018","1000 persons","51171.706","X","International reliable sources",""
"OA","Annual population","146","Republic of Moldova","511","Total Population - Both sexes","3010","Population - Est. & Proj.","2018","2018","1000 persons","4051.944","X","International reliable sources",""
"OA","Annual population","182","R?union","511","Total Population - Both sexes","3010","Population - Est. & Proj.","2018","2018","1000 persons","882.526","X","International reliable sources",""
"OA","Annual population","183","Romania","511","Total Population - Both sexes","3010","Population - Est. & Proj.","2018","2018","1000 persons","19506.114","X","International reliable sources",""
"OA","Annual population","185","Russian Federation","511","Total Population - Both sexes","3010","Population - Est. & Proj.","2018","2018","1000 persons","145734.038","X","International reliable sources",""
"OA","Annual population","184","Rwanda","511","Total Population - Both sexes","3010","Population - Est. & Proj.","2018","2018","1000 persons","12301.97","X","International reliable sources",""
"OA","Annual population","282","Saint Barth?lemy","511","Total Population - Both sexes","3010","Population - Est. & Proj.","2018","2018","1000 persons","9.816","X","International reliable sources",""
"OA","Annual population","187","Saint Helena, Ascension and Tristan da Cunha","511","Total Population - Both sexes","3010","Population - Est. & Proj.","2018","2018","1000 persons","6.035","X","International reliable sources",""
"OA","Annual population","188","Saint Kitts and Nevis","511","Total Population - Both sexes","3010","Population - Est. & Proj.","2018","2018","1000 persons","52.441","X","International reliable sources",""
"OA","Annual population","189","Saint Lucia","511","Total Population - Both sexes","3010","Population - Est. & Proj.","2018","2018","1000 persons","181.889","X","International reliable sources",""
"OA","Annual population","190","Saint Pierre and Miquelon","511","Total Population - Both sexes","3010","Population - Est. & Proj.","2018","2018","1000 persons","5.849","X","International reliable sources",""
"OA","Annual population","191","Saint Vincent and the Grenadines","511","Total Population - Both sexes","3010","Population - Est. & Proj.","2018","2018","1000 persons","110.211","X","International reliable sources",""
"OA","Annual population","281","Saint-Martin (French part)","511","Total Population - Both sexes","3010","Population - Est. & Proj.","2018","2018","1000 persons","37.264","X","International reliable sources",""
"OA","Annual population","244","Samoa","511","Total Population - Both sexes","3010","Population - Est. & Proj.","2018","2018","1000 persons","196.129","X","International reliable sources",""
"OA","Annual population","192","San Marino","511","Total Population - Both sexes","3010","Population - Est. & Proj.","2018","2018","1000 persons","33.785","X","International reliable sources",""
"OA","Annual population","193","Sao Tome and Principe","511","Total Population - Both sexes","3010","Population - Est. & Proj.","2018","2018","1000 persons","211.028","X","International reliable sources",""
"OA","Annual population","194","Saudi Arabia","511","Total Population - Both sexes","3010","Population - Est. & Proj.","2018","2018","1000 persons","33702.756","X","International reliable sources",""
"OA","Annual population","195","Senegal","511","Total Population - Both sexes","3010","Population - Est. & Proj.","2018","2018","1000 persons","15854.323","X","International reliable sources",""
"OA","Annual population","272","Serbia","511","Total Population - Both sexes","3010","Population - Est. & Proj.","2018","2018","1000 persons","8802.754","X","International reliable sources",""
"OA","Annual population","196","Seychelles","511","Total Population - Both sexes","3010","Population - Est. & Proj.","2018","2018","1000 persons","97.096","X","International reliable sources",""
"OA","Annual population","197","Sierra Leone","511","Total Population - Both sexes","3010","Population - Est. & Proj.","2018","2018","1000 persons","7650.15","X","International reliable sources",""
"OA","Annual population","200","Singapore","511","Total Population - Both sexes","3010","Population - Est. & Proj.","2018","2018","1000 persons","5757.499","X","International reliable sources",""
"OA","Annual population","280","Sint Maarten (Dutch part)","511","Total Population - Both sexes","3010","Population - Est. & Proj.","2018","2018","1000 persons","41.94","X","International reliable sources",""
"OA","Annual population","199","Slovakia","511","Total Population - Both sexes","3010","Population - Est. & Proj.","2018","2018","1000 persons","5453.014","X","International reliable sources",""
"OA","Annual population","198","Slovenia","511","Total Population - Both sexes","3010","Population - Est. & Proj.","2018","2018","1000 persons","2077.837","X","International reliable sources",""
"OA","Annual population","25","Solomon Islands","511","Total Population - Both sexes","3010","Population - Est. & Proj.","2018","2018","1000 persons","652.857","X","International reliable sources",""
"OA","Annual population","201","Somalia","511","Total Population - Both sexes","3010","Population - Est. & Proj.","2018","2018","1000 persons","15008.226","X","International reliable sources",""
"OA","Annual population","202","South Africa","511","Total Population - Both sexes","3010","Population - Est. & Proj.","2018","2018","1000 persons","57792.518","X","International reliable sources",""
"OA","Annual population","277","South Sudan","511","Total Population - Both sexes","3010","Population - Est. & Proj.","2018","2018","1000 persons","10975.927","X","International reliable sources",""
"OA","Annual population","203","Spain","511","Total Population - Both sexes","3010","Population - Est. & Proj.","2018","2018","1000 persons","46692.858","X","International reliable sources",""
"OA","Annual population","38","Sri Lanka","511","Total Population - Both sexes","3010","Population - Est. & Proj.","2018","2018","1000 persons","21228.763","X","International reliable sources",""
"OA","Annual population","276","Sudan","511","Total Population - Both sexes","3010","Population - Est. & Proj.","2018","2018","1000 persons","41801.533","X","International reliable sources",""
"OA","Annual population","207","Suriname","511","Total Population - Both sexes","3010","Population - Est. & Proj.","2018","2018","1000 persons","575.99","X","International reliable sources",""
"OA","Annual population","210","Sweden","511","Total Population - Both sexes","3010","Population - Est. & Proj.","2018","2018","1000 persons","9971.638","X","International reliable sources",""
"OA","Annual population","211","Switzerland","511","Total Population - Both sexes","3010","Population - Est. & Proj.","2018","2018","1000 persons","8525.611","X","International reliable sources",""
"OA","Annual population","212","Syrian Arab Republic","511","Total Population - Both sexes","3010","Population - Est. & Proj.","2018","2018","1000 persons","16945.057","X","International reliable sources",""
"OA","Annual population","208","Tajikistan","511","Total Population - Both sexes","3010","Population - Est. & Proj.","2018","2018","1000 persons","9100.835","X","International reliable sources",""
"OA","Annual population","216","Thailand","511","Total Population - Both sexes","3010","Population - Est. & Proj.","2018","2018","1000 persons","69428.453","X","International reliable sources",""
"OA","Annual population","176","Timor-Leste","511","Total Population - Both sexes","3010","Population - Est. & Proj.","2018","2018","1000 persons","1267.974","X","International reliable sources",""
"OA","Annual population","217","Togo","511","Total Population - Both sexes","3010","Population - Est. & Proj.","2018","2018","1000 persons","7889.093","X","International reliable sources",""
"OA","Annual population","218","Tokelau","511","Total Population - Both sexes","3010","Population - Est. & Proj.","2018","2018","1000 persons","1.319","X","International reliable sources","UNDESA, Population Division ? World Population Prospects, the 2017 Revision"
"OA","Annual population","219","Tonga","511","Total Population - Both sexes","3010","Population - Est. & Proj.","2018","2018","1000 persons","103.197","X","International reliable sources",""
"OA","Annual population","220","Trinidad and Tobago","511","Total Population - Both sexes","3010","Population - Est. & Proj.","2018","2018","1000 persons","1389.843","X","International reliable sources",""
"OA","Annual population","222","Tunisia","511","Total Population - Both sexes","3010","Population - Est. & Proj.","2018","2018","1000 persons","11565.201","X","International reliable sources",""
"OA","Annual population","223","Turkey","511","Total Population - Both sexes","3010","Population - Est. & Proj.","2018","2018","1000 persons","82340.088","X","International reliable sources",""
"OA","Annual population","213","Turkmenistan","511","Total Population - Both sexes","3010","Population - Est. & Proj.","2018","2018","1000 persons","5850.901","X","International reliable sources",""
"OA","Annual population","224","Turks and Caicos Islands","511","Total Population - Both sexes","3010","Population - Est. & Proj.","2018","2018","1000 persons","37.665","X","International reliable sources",""
"OA","Annual population","227","Tuvalu","511","Total Population - Both sexes","3010","Population - Est. & Proj.","2018","2018","1000 persons","11.508","X","International reliable sources",""
"OA","Annual population","226","Uganda","511","Total Population - Both sexes","3010","Population - Est. & Proj.","2018","2018","1000 persons","42729.036","X","International reliable sources",""
"OA","Annual population","230","Ukraine","511","Total Population - Both sexes","3010","Population - Est. & Proj.","2018","2018","1000 persons","44246.156","X","International reliable sources",""
"OA","Annual population","225","United Arab Emirates","511","Total Population - Both sexes","3010","Population - Est. & Proj.","2018","2018","1000 persons","9630.959","X","International reliable sources",""
"OA","Annual population","229","United Kingdom of Great Britain and Northern Ireland","511","Total Population - Both sexes","3010","Population - Est. & Proj.","2018","2018","1000 persons","67141.684","X","International reliable sources",""
"OA","Annual population","215","United Republic of Tanzania","511","Total Population - Both sexes","3010","Population - Est. & Proj.","2018","2018","1000 persons","56313.438","X","International reliable sources",""
"OA","Annual population","231","United States of America","511","Total Population - Both sexes","3010","Population - Est. & Proj.","2018","2018","1000 persons","327096.265","X","International reliable sources",""
"OA","Annual population","240","United States Virgin Islands","511","Total Population - Both sexes","3010","Population - Est. & Proj.","2018","2018","1000 persons","104.68","X","International reliable sources",""
"OA","Annual population","234","Uruguay","511","Total Population - Both sexes","3010","Population - Est. & Proj.","2018","2018","1000 persons","3449.285","X","International reliable sources",""
"OA","Annual population","235","Uzbekistan","511","Total Population - Both sexes","3010","Population - Est. & Proj.","2018","2018","1000 persons","32476.244","X","International reliable sources",""
"OA","Annual population","155","Vanuatu","511","Total Population - Both sexes","3010","Population - Est. & Proj.","2018","2018","1000 persons","292.68","X","International reliable sources",""
"OA","Annual population","236","Venezuela (Bolivarian Republic of)","511","Total Population - Both sexes","3010","Population - Est. & Proj.","2018","2018","1000 persons","28887.118","X","International reliable sources",""
"OA","Annual population","237","Viet Nam","511","Total Population - Both sexes","3010","Population - Est. & Proj.","2018","2018","1000 persons","95545.962","X","International reliable sources",""
"OA","Annual population","243","Wallis and Futuna Islands","511","Total Population - Both sexes","3010","Population - Est. & Proj.","2018","2018","1000 persons","11.661","X","International reliable sources",""
"OA","Annual population","205","Western Sahara","511","Total Population - Both sexes","3010","Population - Est. & Proj.","2018","2018","1000 persons","567.402","X","International reliable sources",""
"OA","Annual population","249","Yemen","511","Total Population - Both sexes","3010","Population - Est. & Proj.","2018","2018","1000 persons","28498.683","X","International reliable sources",""
"OA","Annual population","251","Zambia","511","Total Population - Both sexes","3010","Population - Est. & Proj.","2018","2018","1000 persons","17351.708","X","International reliable sources",""
"OA","Annual population","181","Zimbabwe","511","Total Population - Both sexes","3010","Population - Est. & Proj.","2018","2018","1000 persons","14438.802","X","International reliable sources",""
